Emily,          Surowitz,       esurowitz@ausdk12.org
Mariflorence,   Hudson,         mhudson@ausdk12.org
Avram,          Wild,           awild@ausdk12.org
Jessica,        Park,           jpark@ausdk12.org
Corinne,        Dolci,          cberletti@ausdk12.org
Robert,         Lent,           rlent@ausdk12.org
Sandy,          Hsiao-Frates,   shsiao-frates@ausdk12.org
Unknown,        Huynh,          uhuynh@ausdk12.org
